{"maze_3": {"num_not_solved": 0, "opt_runtimes": [0.012908935546875, 0.024504899978637695, 0.016412019729614258], "graph_runtimes": [2.3478851318359375, 2.847647190093994, 2.6552438735961914], "avg_opt_rt": 0.017941951751708984, "std_opt_rt": 0.00485606951967326, "avg_graph_rt": 2.6169253985087075, "std_graph_rt": 0.20581829829302492}, "maze_4": {"num_not_solved": 0, "opt_runtimes": [0.08661079406738281, 0.06102800369262695, 0.03321194648742676], "graph_runtimes": [7.347519874572754, 7.116797924041748, 7.866007089614868], "avg_opt_rt": 0.06028358141581217, "std_opt_rt": 0.021806342412419192, "avg_graph_rt": 7.44344162940979, "std_graph_rt": 0.3132936117371425}, "maze_5": {"num_not_solved": 0, "opt_runtimes": [0.15178489685058594, 0.08043503761291504, 0.0988001823425293], "graph_runtimes": [12.965943098068237, 16.704660177230835, 11.693184614181519], "avg_opt_rt": 0.11034003893534343, "std_opt_rt": 0.030249813453374106, "avg_graph_rt": 13.78792929649353, "std_graph_rt": 2.126886270672281}}