{"maze_3": {"num_not_solved": 0, "opt_runtimes": [0.002507925033569336, 0.0020148754119873047, 0.0021429061889648438], "graph_runtimes": [0.11444711685180664, 0.1252138614654541, 0.12939977645874023], "avg_opt_rt": 0.0022219022115071616, "std_opt_rt": 0.00020889353112479067, "avg_graph_rt": 0.12302025159200032, "std_graph_rt": 0.006298383418935968}, "maze_4": {"num_not_solved": 0, "opt_runtimes": [0.002389192581176758, 0.004497051239013672, 0.0027649402618408203], "graph_runtimes": [0.2800779342651367, 0.26915931701660156, 0.2822117805480957], "avg_opt_rt": 0.0032170613606770835, "std_opt_rt": 0.0009179967851665537, "avg_graph_rt": 0.27714967727661133, "std_graph_rt": 0.005716800842160002}, "maze_5": {"num_not_solved": 0, "opt_runtimes": [0.014650106430053711, 0.013406991958618164, 0.013489007949829102], "graph_runtimes": [0.5119132995605469, 0.4646718502044678, 0.46873998641967773], "avg_opt_rt": 0.013848702112833658, "std_opt_rt": 0.0005676667540307908, "avg_graph_rt": 0.48177504539489746, "std_graph_rt": 0.021375581180112024}}