{"opt_time": [0.01137685775756836], "best_obj": [0.8200000000000001], "bound": [1.6799999999999997], "node_count": [0.0], "sol_count": [1], "runtime": 0.018450021743774414, "n_bin_vars": 78, "n_cont_vars": 132, "n_constrs": 906}