{"opt_time": [0.005633115768432617, 0.008697986602783203, 0.010012149810791016, 0.014333963394165039, 0.015829086303710938, 0.02006816864013672], "best_obj": [0.9199999999999999, 0.9199999999999999, 0.9199999999999999, 0.9199999999999999, 0.9199999999999999, 0.9199999999999999], "bound": [1.9100000000000004, 1.8900000000000001, 1.8900000000000001, 1.8599999999999999, 1.8599999999999999, 1.8399999999999999], "node_count": [0.0, 0.0, 0.0, 0.0, 0.0, 0.0], "sol_count": [1, 1, 1, 1, 1, 1], "runtime": 0.02042412757873535, "n_bin_vars": 149, "n_cont_vars": 274, "n_constrs": 1502}