{"opt_time": [0.0867300033569336, 0.11863493919372559, 0.14485907554626465, 0.17617511749267578, 0.22150397300720215, 0.25730109214782715, 0.26230311393737793, 0.28873395919799805], "best_obj": [-1e+100, -1e+100, 0.3600000000000002, 0.3800000000000001, 0.3800000000000001, 0.3800000000000001, 0.3800000000000001, 0.3800000000000001], "bound": [3.7, 3.7, 3.7, 3.68, 3.620000000000001, 3.620000000000001, 3.620000000000001, 3.620000000000001], "node_count": [0.0, 0.0, 0.0, 0.0, 0.0, 0.0, 0.0, 0.0], "sol_count": [0, 0, 1, 2, 2, 2, 2, 2], "runtime": 0.2910270690917969, "n_bin_vars": 294, "n_cont_vars": 467, "n_constrs": 3410}