{"opt_time": [0.005307912826538086, 0.00808095932006836, 0.009804964065551758, 0.011345863342285156, 0.013750076293945312, 0.014574050903320312, 0.016048908233642578], "best_obj": [0.8399999999999999, 0.8399999999999999, 0.8999999999999999, 0.8999999999999999, 0.8999999999999999, 0.8999999999999999, 0.8999999999999999], "bound": [1.8999999999999995, 1.8199999999999998, 1.8199999999999998, 1.7999999999999996, 1.7799999999999998, 1.7799999999999998, 1.7799999999999998], "node_count": [0.0, 0.0, 0.0, 0.0, 0.0, 0.0, 0.0], "sol_count": [1, 1, 2, 2, 2, 2, 2], "runtime": 0.01622486114501953, "n_bin_vars": 150, "n_cont_vars": 275, "n_constrs": 1513}