{"opt_time": [0.0057871341705322266, 0.007052183151245117, 0.00882101058959961, 0.009855985641479492, 0.01214909553527832, 0.013153076171875], "best_obj": [0.97, 0.97, 0.97, 0.97, 0.97, 0.97], "bound": [2.9400000000000013, 2.9400000000000013, 2.9400000000000013, 2.9400000000000013, 2.9300000000000015, 2.9300000000000015], "node_count": [0.0, 0.0, 0.0, 0.0, 0.0, 0.0], "sol_count": [1, 1, 1, 1, 1, 1], "n_cex": 0, "Feasibility": 4, "runtime": 0.013406991958618164, "n_bin_vars": 71, "n_cont_vars": 354, "n_constrs": 1169}