{"opt_time": [0.053009033203125, 0.0653080940246582, 0.07715797424316406], "best_obj": [1.92, 1.92, 1.92], "bound": [2.925, 2.9200000000000017, 2.910000000000002], "node_count": [0.0, 0.0, 0.0], "sol_count": [2, 2, 2], "n_cex": 0, "Feasibility": 9, "runtime": 0.08043503761291504, "n_bin_vars": 204, "n_cont_vars": 764, "n_constrs": 2786}