{"opt_time": [0.034242868423461914, 0.04627680778503418, 0.05868983268737793, 0.0706329345703125, 0.07291793823242188, 0.08599400520324707], "best_obj": [0.95, 0.95, 0.95, 0.95, 0.95, 0.95], "bound": [1.9499999999999997, 1.9300000000000004, 1.9300000000000004, 1.9300000000000004, 1.9300000000000004, 1.9300000000000004], "node_count": [0.0, 0.0, 0.0, 0.0, 0.0, 0.0], "sol_count": [1, 1, 1, 1, 1, 1], "n_cex": 0, "Feasibility": 9, "runtime": 0.08661079406738281, "n_bin_vars": 121, "n_cont_vars": 455, "n_constrs": 1662}