{"opt_time": [0.029434919357299805, 0.04111003875732422, 0.055307865142822266, 0.05867195129394531, 0.06524491310119629, 0.0705559253692627, 0.07561492919921875, 0.09278607368469238, 0.09661006927490234], "best_obj": [-1e+100, -0.7900000000000005, -0.7900000000000005, -0.7900000000000005, -0.09000000000000036, -0.09000000000000036, -0.09000000000000036, -0.09000000000000036, -0.09000000000000036], "bound": [1.5174999999999996, 1.227582417582417, 1.09, 1.0633333333333332, 0.9500000000000001, 0.9300000000000002, 0.9300000000000002, 0.9300000000000002, 0.9300000000000002], "node_count": [0.0, 0.0, 0.0, 0.0, 0.0, 0.0, 0.0, 0.0, 1.0], "sol_count": [0, 1, 1, 1, 2, 2, 2, 2, 2], "runtime": 0.09764695167541504, "n_bin_vars": 1014, "n_cont_vars": 1911, "n_constrs": 22495}