{"opt_time": [0.05611300468444824, 0.07805681228637695, 0.10907602310180664, 0.11659097671508789, 0.13624000549316406, 0.15068292617797852], "best_obj": [0.9199999999999999, 0.9199999999999999, 0.9199999999999999, 0.9199999999999999, 0.9199999999999999, 0.9199999999999999], "bound": [3.916666666666667, 3.005000000000001, 2.933333333333335, 2.933333333333335, 2.9272222222222224, 2.923571428571429], "node_count": [0.0, 0.0, 0.0, 0.0, 0.0, 0.0], "sol_count": [1, 1, 1, 1, 1, 1], "n_cex": 0, "Feasibility": 9, "runtime": 0.15178489685058594, "n_bin_vars": 220, "n_cont_vars": 781, "n_constrs": 2892}