{"opt_time": [0.005941152572631836, 0.008497953414916992, 0.011036157608032227, 0.013370037078857422, 0.013839960098266602, 0.014492988586425781], "best_obj": [0.9299999999999999, 0.9299999999999999, 0.9299999999999999, 0.9299999999999999, 0.9299999999999999, 0.9299999999999999], "bound": [2.9400000000000013, 2.9200000000000017, 2.9200000000000017, 2.9162068965517247, 2.9154970760233923, 2.9154970760233923], "node_count": [0.0, 0.0, 0.0, 0.0, 0.0, 0.0], "sol_count": [2, 2, 2, 2, 2, 2], "n_cex": 0, "Feasibility": 4, "runtime": 0.014650106430053711, "n_bin_vars": 72, "n_cont_vars": 351, "n_constrs": 1167}