{"opt_time": [0.08054399490356445, 0.09750795364379883, 0.1081838607788086, 0.12552189826965332, 0.13078093528747559, 0.13080096244812012], "best_obj": [0.9661835748792269, 0.9790660225442833, 0.9790660225442833, 0.9790660225442833, 0.9790660225442833, 0.9790660225442833], "bound": [1.9871175523349436, 1.9871175523349436, 1.9871175523349436, 1.9871175523349436, 1.9871175523349436, 1.9871175523349436], "node_count": [0.0, 0.0, 0.0, 0.0, 1.0, 2.0], "sol_count": [2, 3, 3, 3, 3, 3], "n_cex": 1, "runtime": 0.13216495513916016, "n_bin_vars": 621, "n_cont_vars": 6571, "n_constrs": 48000}