{"opt_time": [0.19116806983947754, 0.21697998046875, 0.24234700202941895, 0.2805309295654297, 0.30576205253601074, 0.3306400775909424], "best_obj": [0.9581320450885666, 0.9581320450885666, 0.9581320450885666, 0.9581320450885666, 0.9581320450885666, 0.9581320450885666], "bound": [1.9871175523349436, 1.9863123993558787, 1.98596733379342, 1.9848631239935581, 1.9848631239935581, 1.9845870715435925], "node_count": [0.0, 0.0, 0.0, 0.0, 0.0, 0.0], "sol_count": [1, 1, 1, 1, 1, 1], "n_cex": 1, "runtime": 0.3341188430786133, "n_bin_vars": 621, "n_cont_vars": 6571, "n_constrs": 48132}