{"opt_time": [0.004528999328613281, 0.006147861480712891, 0.008363008499145508, 0.009790897369384766, 0.013060808181762695, 0.01462101936340332], "best_obj": [1.94, 1.94, 1.94, 1.94, 1.94, 1.94], "bound": [3.582962962962963, 3.4200000000000004, 2.8600000000000003, 2.84, 2.8200000000000003, 2.8200000000000003], "node_count": [0.0, 0.0, 0.0, 0.0, 0.0, 0.0], "sol_count": [2, 2, 2, 2, 2, 2], "runtime": 0.014919042587280273, "n_bin_vars": 86, "n_cont_vars": 162, "n_constrs": 878}