{"opt_time": [0.014578819274902344, 0.01816701889038086, 0.0235898494720459, 0.0424649715423584, 0.05057692527770996, 0.05618095397949219, 0.05768585205078125, 0.05947089195251465, 0.06762981414794922, 0.07027387619018555, 0.07029986381530762, 0.07229495048522949, 0.07231593132019043], "best_obj": [-1e+100, -1e+100, -1e+100, 0.66, 0.66, 0.66, 0.66, 0.66, 0.7, 0.7, 0.7, 0.7, 0.7], "bound": [2.7866666666666657, 2.7866666666666657, 2.782242990654206, 2.7600000000000007, 2.73, 2.7199999999999998, 2.7199999999999998, 2.7199999999999998, 2.7199999999999998, 2.7199999999999998, 2.7199999999999998, 2.7199999999999998, 2.7199999999999998], "node_count": [0.0, 0.0, 0.0, 0.0, 0.0, 0.0, 0.0, 0.0, 0.0, 1.0, 2.0, 3.0, 4.0], "sol_count": [0, 0, 0, 1, 1, 1, 1, 1, 2, 2, 2, 2, 2], "runtime": 0.07280588150024414, "n_bin_vars": 168, "n_cont_vars": 273, "n_constrs": 1943}