{"opt_time": [0.023495912551879883], "best_obj": [2.9200000000000017], "bound": [3.910000000000001], "node_count": [0.0], "sol_count": [2], "n_cex": 0, "Feasibility": 9, "runtime": 0.03321194648742676, "n_bin_vars": 112, "n_cont_vars": 442, "n_constrs": 1597}