{"opt_time": [0.07406497001647949, 0.08072113990783691], "best_obj": [2.84, 2.86], "bound": [2.8900000000000006, 2.8659259259259255], "node_count": [0.0, 0.0], "sol_count": [3, 4], "n_bin_vars": 0, "n_cont_vars": 0, "n_constrs": 0, "runtime": 0.08854007720947266}