{"opt_time": [0.004497051239013672, 0.00701904296875, 0.00806117057800293], "best_obj": [2.86, 2.86, 2.86], "bound": [2.8900000000000006, 2.8800000000000003, 2.8658297804578328], "node_count": [0.0, 0.0, 0.0], "sol_count": [2, 2, 2], "runtime": 0.010805130004882812, "n_bin_vars": 73, "n_cont_vars": 140, "n_constrs": 735}