{"opt_time": [0.00925302505493164, 0.013997077941894531, 0.017367124557495117], "best_obj": [0.84, 0.84, 0.84], "bound": [1.8399999999999999, 1.6999999999999997, 1.6999999999999997], "node_count": [0.0, 0.0, 0.0], "sol_count": [2, 2, 2], "runtime": 0.01826000213623047, "n_bin_vars": 74, "n_cont_vars": 127, "n_constrs": 855}