{"opt_time": [0.003400087356567383, 0.0043659210205078125], "best_obj": [0.96, 0.96], "bound": [1.9, 1.7800000000000002], "node_count": [0.0, 0.0], "sol_count": [1, 1], "runtime": 0.005666017532348633, "n_bin_vars": 85, "n_cont_vars": 160, "n_constrs": 864}