{"opt_time": [0.012305021286010742, 0.019878149032592773, 0.03217911720275879, 0.042706966400146484, 0.050579071044921875, 0.06139111518859863, 0.06305503845214844, 0.06307816505432129, 0.06676697731018066, 0.06679797172546387, 0.06681203842163086, 0.06683707237243652, 0.06946396827697754, 0.06949305534362793, 0.06950807571411133, 0.0695199966430664, 0.07177901268005371, 0.07181096076965332, 0.0718240737915039, 0.07183694839477539, 0.07374310493469238, 0.07376599311828613, 0.07377910614013672, 0.07379817962646484, 0.07524895668029785, 0.07527303695678711, 0.0752861499786377, 0.07529807090759277, 0.07802796363830566, 0.07805204391479492, 0.07806706428527832, 0.07807612419128418, 0.07808899879455566, 0.07809901237487793, 0.0781099796295166, 0.07812809944152832, 0.08311796188354492, 0.08314204216003418, 0.08315706253051758, 0.08316802978515625, 0.08318209648132324, 0.08319807052612305, 0.08321094512939453, 0.08322310447692871, 0.08502316474914551, 0.08504796028137207, 0.08506202697753906, 0.08507394790649414, 0.08508610725402832, 0.08510398864746094, 0.08511710166931152, 0.08512997627258301, 0.08622002601623535, 0.08627605438232422, 0.08629298210144043, 0.08632302284240723, 0.08633995056152344, 0.08635115623474121, 0.08636617660522461, 0.08641195297241211, 0.08658003807067871, 0.0866081714630127, 0.08661794662475586, 0.08662796020507812, 0.08942008018493652], "best_obj": [0.66, 0.66, 0.66, 0.66, 0.66, 0.66, 0.66, 0.66, 0.66, 0.66, 0.66, 0.66, 0.66, 0.66, 0.66, 0.66, 0.66, 0.66, 0.66, 0.66, 0.66, 0.66, 0.66, 0.66, 0.66, 0.66, 0.66, 0.66, 0.66, 0.66, 0.66, 0.66, 0.66, 0.66, 0.66, 0.66, 0.66, 0.66, 0.66, 0.66, 0.66, 0.66, 0.66, 0.66, 0.66, 0.66, 0.66, 0.66, 0.66, 0.66, 0.66, 0.66, 0.66, 0.66, 0.66, 0.66, 0.66, 0.66, 0.66, 0.66, 0.68, 0.68, 0.68, 0.68, 0.68], "bound": [1.8000000000000003, 1.7399999999999998, 1.7199999999999998, 1.6999999999999997, 1.6999999999999997, 1.6999999999999997, 1.6999999999999997, 1.6999999999999997, 1.6999999999999997, 1.6999999999999997, 1.6999999999999997, 1.6999999999999997, 1.6999999999999997, 1.6999999999999997, 1.6999999999999997, 1.6999999999999997, 1.6999999999999997, 1.6999999999999997, 1.6999999999999997, 1.6999999999999997, 1.6999999999999997, 1.6999999999999997, 1.6999999999999997, 1.6999999999999997, 1.6999999999999997, 1.6999999999999997, 1.6999999999999997, 1.6999999999999997, 1.6999999999999997, 1.6999999999999997, 1.6999999999999997, 1.6999999999999997, 1.6999999999999997, 1.6999999999999997, 1.6999999999999997, 1.6999999999999997, 1.6999999999999997, 1.6999999999999997, 1.6999999999999997, 1.6999999999999997, 1.6999999999999997, 1.6999999999999997, 1.6999999999999997, 1.6999999999999997, 1.6999999999999997, 1.6999999999999997, 1.6999999999999997, 1.6999999999999997, 1.6999999999999997, 1.6999999999999997, 1.6999999999999997, 1.6999999999999997, 1.6999999999999997, 1.6999999999999997, 1.6999999999999997, 1.6999999999999997, 1.6999999999999997, 1.6999999999999997, 1.6999999999999997, 1.6999999999999997, 1.6999999999999997, 1.6999999999999997, 1.6999999999999997, 1.6999999999999997, 1.6999999999999997], "node_count": [0.0, 0.0, 0.0, 0.0, 0.0, 0.0, 1.0, 2.0, 3.0, 4.0, 5.0, 6.0, 7.0, 8.0, 9.0, 10.0, 11.0, 12.0, 13.0, 14.0, 15.0, 16.0, 17.0, 18.0, 19.0, 20.0, 21.0, 22.0, 23.0, 24.0, 25.0, 26.0, 27.0, 28.0, 29.0, 30.0, 31.0, 32.0, 33.0, 34.0, 35.0, 36.0, 37.0, 38.0, 39.0, 40.0, 41.0, 42.0, 43.0, 44.0, 45.0, 46.0, 47.0, 48.0, 49.0, 50.0, 51.0, 52.0, 53.0, 54.0, 55.0, 56.0, 57.0, 58.0, 59.0], "sol_count": [1, 1, 1, 1, 1, 1, 1, 1, 1, 1, 1, 1, 1, 1, 1, 1, 1, 1, 1, 1, 1, 1, 1, 1, 1, 1, 1, 1, 1, 1, 1, 1, 1, 1, 1, 1, 1, 1, 1, 1, 1, 1, 1, 1, 1, 1, 1, 1, 1, 1, 1, 1, 1, 1, 1, 1, 1, 1, 1, 1, 2, 2, 2, 2, 2], "runtime": 0.09013605117797852, "n_bin_vars": 164, "n_cont_vars": 268, "n_constrs": 1891}