{"opt_time": [0.0035181045532226562], "best_obj": [0.96], "bound": [1.94], "node_count": [0.0], "sol_count": [1], "runtime": 0.003972053527832031, "n_bin_vars": 86, "n_cont_vars": 162, "n_constrs": 875}