{"opt_time": [0.00505518913269043, 0.0076601505279541016, 0.009046077728271484, 0.010207176208496094, 0.012434005737304688, 0.013334035873413086], "best_obj": [0.98, 1.96, 1.96, 1.96, 1.96, 1.96], "bound": [2.9599999999999995, 2.9599999999999995, 2.9599999999999995, 2.950000000000001, 2.950000000000001, 2.950000000000001], "node_count": [0.0, 0.0, 0.0, 0.0, 0.0, 0.0], "sol_count": [1, 2, 2, 2, 2, 2], "n_cex": 0, "Feasibility": 4, "runtime": 0.013489007949829102, "n_bin_vars": 71, "n_cont_vars": 354, "n_constrs": 1168}