{"opt_time": [0.035021066665649414, 0.0516970157623291, 0.06670212745666504, 0.0840611457824707, 0.0857400894165039, 0.09787297248840332], "best_obj": [-1e+100, 1.89, 1.89, 1.89, 1.89, 1.89], "bound": [1.9300000000000006, 1.93, 1.925000000000001, 1.9200000000000006, 1.9200000000000006, 1.9200000000000006], "node_count": [0.0, 0.0, 0.0, 0.0, 0.0, 0.0], "sol_count": [0, 1, 1, 1, 1, 1], "n_cex": 0, "Feasibility": 9, "runtime": 0.0988001823425293, "n_bin_vars": 210, "n_cont_vars": 775, "n_constrs": 2834}