{"maze_3": {"num_not_solved": 0, "opt_runtimes": [0.0034160614013671875, 0.002003908157348633, 0.0031969547271728516], "graph_runtimes": [0.11891007423400879, 0.12029504776000977, 0.10057663917541504], "avg_opt_rt": 0.002872308095296224, "std_opt_rt": 0.0006205324449425997, "avg_graph_rt": 0.11326058705647786, "std_graph_rt": 0.008986710124922227}, "maze_4": {"num_not_solved": 0, "opt_runtimes": [0.014919042587280273, 0.003972053527832031, 0.005666017532348633], "graph_runtimes": [0.2577180862426758, 0.26149678230285645, 0.25889086723327637], "avg_opt_rt": 0.008185704549153646, "std_opt_rt": 0.004811150892382658, "avg_graph_rt": 0.2593685785929362, "std_graph_rt": 0.0015791964383122725}, "maze_5": {"num_not_solved": 0, "opt_runtimes": [0.01669621467590332, 0.02042412757873535, 0.01622486114501953], "graph_runtimes": [0.46777987480163574, 0.47811388969421387, 0.46991896629333496], "avg_opt_rt": 0.017781734466552734, "std_opt_rt": 0.0018783369518897573, "avg_graph_rt": 0.4719375769297282, "std_graph_rt": 0.004453766767282613}}