{"maze_3": {"num_not_solved": 0, "opt_runtimes": [0.01826000213623047, 0.018450021743774414, 0.01026296615600586], "graph_runtimes": [1.8267130851745605, 1.9602768421173096, 1.662889003753662], "avg_opt_rt": 0.015657663345336914, "std_opt_rt": 0.003815415677331901, "avg_graph_rt": 1.8166263103485107, "std_graph_rt": 0.1216174024593638}, "maze_4": {"num_not_solved": 0, "opt_runtimes": [0.07280588150024414, 0.13651800155639648, 0.09013605117797852], "graph_runtimes": [3.816694974899292, 3.652740240097046, 4.266149997711182], "avg_opt_rt": 0.09981997807820638, "std_opt_rt": 0.02689662172924461, "avg_graph_rt": 3.9118617375691733, "std_graph_rt": 0.2593073044630731}, "maze_5": {"num_not_solved": 0, "opt_runtimes": [51.420523166656494, 0.2910270690917969, 1.5314459800720215], "graph_runtimes": [8.559337854385376, 23.01231598854065, 9.232387065887451], "avg_opt_rt": 17.747665405273438, "std_opt_rt": 23.815690516022283, "avg_graph_rt": 13.601346969604492, "std_graph_rt": 6.660230337198458}}