{"opt_time": [0.006099224090576172, 0.007992029190063477, 0.010404109954833984, 0.013538122177124023, 0.016001224517822266, 0.016491174697875977], "best_obj": [0.96, 0.96, 0.96, 0.96, 0.96, 0.96], "bound": [2.9000000000000004, 2.9000000000000004, 2.8400000000000003, 2.8400000000000003, 2.82, 2.82], "node_count": [0.0, 0.0, 0.0, 0.0, 0.0, 0.0], "sol_count": [1, 1, 1, 1, 1, 1], "runtime": 0.01669621467590332, "n_bin_vars": 151, "n_cont_vars": 277, "n_constrs": 1527}